{"cameraMode":{"drawMode":0,"name":"Shaded","section":"Shading Mode"},"sceneLighting":false,"audioPlay":false,"sceneViewState":{"m_AlwaysRefresh":false,"showFog":true,"showSkybox":false,"showFlares":true,"showImageEffects":true,"showParticleSystems":true,"showVisualEffectGraphs":true,"m_FxEnabled":true},"in2DMode":false,"pivot":{"x":1.119999885559082,"y":2.1599998474121095,"z":-2.0159997940063478},"rotation":{"x":0.046147480607032779,"y":-0.2948864996433258,"z":0.014227161183953286,"w":0.9543110132217407},"size":12.12435531616211,"orthographic":false}