{"cameraMode":{"drawMode":0,"name":"Shaded","section":"Shading Mode"},"sceneLighting":false,"audioPlay":false,"sceneViewState":{"m_AlwaysRefresh":false,"showFog":true,"showSkybox":false,"showFlares":true,"showImageEffects":true,"showParticleSystems":true,"showVisualEffectGraphs":true,"m_FxEnabled":true},"in2DMode":false,"pivot":{"x":-0.06027233600616455,"y":1.4686267375946046,"z":-1.5608594417572022},"rotation":{"x":-0.08525488525629044,"y":0.5080015659332275,"z":-0.05061406269669533,"w":-0.855627179145813},"size":0.08660262823104859,"orthographic":false}