{"cameraMode":{"drawMode":0,"name":"Shaded","section":"Shading Mode"},"sceneLighting":false,"audioPlay":false,"sceneViewState":{"m_AlwaysRefresh":false,"showFog":true,"showSkybox":false,"showFlares":true,"showImageEffects":true,"showParticleSystems":true,"showVisualEffectGraphs":true,"m_FxEnabled":true},"in2DMode":false,"pivot":{"x":1.687999963760376,"y":2.1519999504089357,"z":-0.8100000023841858},"rotation":{"x":-0.017619505524635316,"y":0.09016963839530945,"z":0.0015702469972893596,"w":0.9957876801490784},"size":0.3759951889514923,"orthographic":false}