{"cameraMode":{"drawMode":0,"name":"Shaded","section":"Shading Mode"},"sceneLighting":false,"audioPlay":false,"sceneViewState":{"m_AlwaysRefresh":false,"showFog":true,"showSkybox":false,"showFlares":true,"showImageEffects":true,"showParticleSystems":true,"showVisualEffectGraphs":true,"m_FxEnabled":true},"in2DMode":false,"pivot":{"x":0.4916718602180481,"y":0.17313021421432496,"z":0.3764600157737732},"rotation":{"x":-0.11978249996900559,"y":-0.27012309432029726,"z":0.033896878361701968,"w":-0.954759418964386},"size":0.9286980032920837,"orthographic":false}