{"cameraMode":{"drawMode":0,"name":"Shaded","section":"Shading Mode"},"sceneLighting":false,"audioPlay":false,"sceneViewState":{"m_AlwaysRefresh":false,"showFog":true,"showSkybox":false,"showFlares":true,"showImageEffects":true,"showParticleSystems":true,"showVisualEffectGraphs":true,"m_FxEnabled":true},"in2DMode":false,"pivot":{"x":0.038174819201231,"y":0.011868092231452465,"z":-0.018361525610089303},"rotation":{"x":-0.23848207294940949,"y":0.34655845165252688,"z":-0.09154373407363892,"w":-0.9025745987892151},"size":0.0014999996637925506,"orthographic":false}