{"cameraMode":{"drawMode":0,"name":"Shaded","section":"Shading Mode"},"sceneLighting":false,"audioPlay":false,"sceneViewState":{"m_AlwaysRefresh":false,"showFog":true,"showSkybox":false,"showFlares":true,"showImageEffects":true,"showParticleSystems":true,"showVisualEffectGraphs":true,"m_FxEnabled":true},"in2DMode":false,"pivot":{"x":-1.8790428638458253,"y":1.0621403455734254,"z":-1.2545175552368165},"rotation":{"x":-0.02775489166378975,"y":-0.45462432503700259,"z":-0.014218400232493878,"w":0.8901479840278626},"size":0.0407463014125824,"orthographic":false}