{"cameraMode":{"drawMode":0,"name":"Shaded","section":"Shading Mode"},"sceneLighting":false,"audioPlay":false,"sceneViewState":{"m_AlwaysRefresh":false,"showFog":true,"showSkybox":false,"showFlares":true,"showImageEffects":true,"showParticleSystems":true,"showVisualEffectGraphs":true,"m_FxEnabled":true},"in2DMode":false,"pivot":{"x":-1.9656355381011963,"y":1.2519075870513917,"z":-1.1036920547485352},"rotation":{"x":-0.024353260174393655,"y":-0.9646205306053162,"z":0.24406270682811738,"w":-0.09638926386833191},"size":0.10650654882192612,"orthographic":false}